"Track URI","Track Name","Artist URI(s)","Artist Name(s)","Album URI","Album Name","Album Artist URI(s)","Album Artist Name(s)","Album Release Date","Album Image URL","Disc Number","Track Number","Track Duration (ms)","Track Preview URL","Explicit","Popularity","ISRC","Added By","Added At"
"spotify:track:sample00","Karma Police","spotify:artist:sample000","Radiohead","spotify:album:sample14879699","OK Computer","spotify:artist:sample399","Radiohead","1997-06-17","https://cdn-images.dzcdn.net/images/cover/05a186e0a859a36f9cd51cdae2158fe1/1000x1000-000000-80-0-0.jpg","1","6","264000","","false","50","GBAYE9701368","spotify:user:sample","2026-10-05T12:00:00Z"
"spotify:track:sample01","Get Lucky (feat. Pharrell Williams & Nile Rodgers)","spotify:artist:sample010, spotify:artist:sample011, spotify:artist:sample012","Daft Punk, Pharrell Williams, Nile Rodgers","spotify:album:sample6575789","Random Access Memories","spotify:artist:sample27","Daft Punk","2013-05-17","https://cdn-images.dzcdn.net/images/cover/311bba0fc112d15f72c8b5a65f0456c1/1000x1000-000000-80-0-0.jpg","1","8","367000","","false","50","USQX91300108","spotify:user:sample","2026-10-05T12:00:00Z"
"spotify:track:sample02","Bohemian Rhapsody - Remastered 2011","spotify:artist:sample020","Queen","spotify:album:sample1007321681","A Night At The Opera (2011 Remaster)","spotify:artist:sample412","Queen","2005-11-22","https://cdn-images.dzcdn.net/images/cover/0b56f4eee05fa1ea753c5654b2cdb70c/1000x1000-000000-80-0-0.jpg","1","11","354000","","false","50","GBUM71029604","spotify:user:sample","2026-10-05T12:00:00Z"
"spotify:track:sample03","bad guy","spotify:artist:sample030","Billie Eilish","spotify:album:sample91598612","WHEN WE ALL FALL ASLEEP, WHERE DO WE GO?","spotify:artist:sample9635624","Billie Eilish","2019-03-29","https://cdn-images.dzcdn.net/images/cover/6630083f454d48eadb6a9b53f035d734/1000x1000-000000-80-0-0.jpg","1","2","194000","","false","50","USUM71900764","spotify:user:sample","2026-10-05T12:00:00Z"
"spotify:track:sample04","Du hast","spotify:artist:sample040","Rammstein","spotify:album:sample86933302","Sehnsucht","spotify:artist:sample464","Rammstein","2018-05-28","https://cdn-images.dzcdn.net/images/cover/e24ae59ad933185bd6689d388eb0f256/1000x1000-000000-80-0-0.jpg","1","5","235000","","false","50","DED579704010","spotify:user:sample","2026-10-05T12:00:00Z"
"spotify:track:sample05","Wanna Be Startin' Somethin'","spotify:artist:sample050","Michael Jackson","spotify:album:sample96126","Thriller","spotify:artist:sample259","Michael Jackson","1983-08-01","https://cdn-images.dzcdn.net/images/cover/f01e09ceb8ad1e96707c1b4aadb5911b/1000x1000-000000-80-0-0.jpg","1","1","363000","","false","50","USSM19902986","spotify:user:sample","2026-10-05T12:00:00Z"
"spotify:track:sample06","Baby Be Mine","spotify:artist:sample060","Michael Jackson","spotify:album:sample96126","Thriller","spotify:artist:sample259","Michael Jackson","1983-08-01","https://cdn-images.dzcdn.net/images/cover/f01e09ceb8ad1e96707c1b4aadb5911b/1000x1000-000000-80-0-0.jpg","1","2","260000","","false","50","USSM19902987","spotify:user:sample","2026-10-05T12:00:00Z"
"spotify:track:sample07","The Girl Is Mine (with Paul McCartney)","spotify:artist:sample070","Michael Jackson","spotify:album:sample96126","Thriller","spotify:artist:sample259","Michael Jackson","1983-08-01","https://cdn-images.dzcdn.net/images/cover/f01e09ceb8ad1e96707c1b4aadb5911b/1000x1000-000000-80-0-0.jpg","1","3","222000","","false","50","USSM19902988","spotify:user:sample","2026-10-05T12:00:00Z"
"spotify:track:sample08","Thriller","spotify:artist:sample080","Michael Jackson","spotify:album:sample96126","Thriller","spotify:artist:sample259","Michael Jackson","1983-08-01","https://cdn-images.dzcdn.net/images/cover/f01e09ceb8ad1e96707c1b4aadb5911b/1000x1000-000000-80-0-0.jpg","1","4","358000","","false","50","USSM19902989","spotify:user:sample","2026-10-05T12:00:00Z"
"spotify:track:sample09","Beat It","spotify:artist:sample090","Michael Jackson","spotify:album:sample96126","Thriller","spotify:artist:sample259","Michael Jackson","1983-08-01","https://cdn-images.dzcdn.net/images/cover/f01e09ceb8ad1e96707c1b4aadb5911b/1000x1000-000000-80-0-0.jpg","1","5","258000","","false","50","USSM19902990","spotify:user:sample","2026-10-05T12:00:00Z"
"spotify:track:sample10","Billie Jean","spotify:artist:sample100","Michael Jackson","spotify:album:sample96126","Thriller","spotify:artist:sample259","Michael Jackson","1983-08-01","https://cdn-images.dzcdn.net/images/cover/f01e09ceb8ad1e96707c1b4aadb5911b/1000x1000-000000-80-0-0.jpg","1","6","293000","","false","50","USSM19902991","spotify:user:sample","2026-10-05T12:00:00Z"
"spotify:track:sample11","Human Nature","spotify:artist:sample110","Michael Jackson","spotify:album:sample96126","Thriller","spotify:artist:sample259","Michael Jackson","1983-08-01","https://cdn-images.dzcdn.net/images/cover/f01e09ceb8ad1e96707c1b4aadb5911b/1000x1000-000000-80-0-0.jpg","1","7","245000","","false","50","USSM19902992","spotify:user:sample","2026-10-05T12:00:00Z"
"spotify:track:sample12","P.Y.T. (Pretty Young Thing)","spotify:artist:sample120","Michael Jackson","spotify:album:sample96126","Thriller","spotify:artist:sample259","Michael Jackson","1983-08-01","https://cdn-images.dzcdn.net/images/cover/f01e09ceb8ad1e96707c1b4aadb5911b/1000x1000-000000-80-0-0.jpg","1","8","238000","","false","50","USSM19902993","spotify:user:sample","2026-10-05T12:00:00Z"
"spotify:track:sample13","The Lady in My Life","spotify:artist:sample130","Michael Jackson","spotify:album:sample96126","Thriller","spotify:artist:sample259","Michael Jackson","1983-08-01","https://cdn-images.dzcdn.net/images/cover/f01e09ceb8ad1e96707c1b4aadb5911b/1000x1000-000000-80-0-0.jpg","1","9","298000","","false","50","USSM19902994","spotify:user:sample","2026-10-05T12:00:00Z"
